time,pinene,dipentene,alloocimene,pyronene,dimer
0,100,0,0,0,0
0.854166667,88.35,7.3,2.3,0.4,0.875
2.125,76.4,15.6,4.5,0.7,1.4
3.416666667,65.1,23.1,5.3,1.1,2.9
5.416666667,50.4,32.9,6,1.5,4.65
7.416666667,37.5,42.7,6,1.9,6
10.4375,25.9,49.1,5.9,2.2,8.5
15.70833333,14,57.4,5.1,2.6,10.5
25.29166667,4.5,63.1,3.8,2.9,12.85
